year,Income
2019,40460.22901919484
2023,43774.08932008571
2021,42117.15916964039
2015,37146.36871830397
2014,36317.9036430812
2030,49573.34484664467
2028,47916.414696199354
